sample_id;group;Source;URL
"
Muslim steak curry";Norway;Aperitif;https://www.aperitif.no/oppskrifter/oppskrift/sterk-biffkarri-massalam,34595
A lightly cooked chicken salad with avocado and bacon;Norway;Aperitif;https://www.aperitif.no/oppskrifter/oppskrift/en-lettlaget-kyllingsalat-med-avokado-og-bacon,61156
Afghan lamb stew with spinach;Norway;Aperitif;https://www.aperitif.no/oppskrifter/oppskrift/afghansk-lammegryte-med-spinat,34351
Alabama Beef Bowl (USA);Norway;Aperitif;https://www.aperitif.no/oppskrifter/oppskrift/alabama-biff-alabama-beef-bowl,34353
Annabel Langbeins lamb shank;Norway;Aperitif;https://www.aperitif.no/oppskrifter/oppskrift/annabel-langbeins-lammeskank,334836
Baked pollock in lemon and apple sauce;Norway;Aperitif;https://www.aperitif.no/oppskrifter/oppskrift/ovnsbakt-sei-i-sitron-og-eplesaus,1974362
Baked reindeer fillet with two sauces;Norway;Aperitif;https://www.aperitif.no/oppskrifter/oppskrift/ovnsbakt-reinsdyrfilet-med-to-sauser,70074
Baked salmon;Norway;Aperitif;https://www.aperitif.no/oppskrifter/oppskrift/innbakt-laks,62126
Barbecue skewers of turkey;Norway;Aperitif;https://www.aperitif.no/oppskrifter/oppskrift/grillspyd-av-kalkun,62870
beef with oven-baked tomatoes and chilli dressing;Norway;Aperitif;https://www.aperitif.no/oppskrifter/oppskrift/biff-med-ovnsbakte-tomater-og-chilidressing,69932
Brazilian lamb stew with cabbage;Norway;Aperitif;https://www.aperitif.no/oppskrifter/oppskrift/brasiliansk-lammegryte-med-kal,366
Calf liver with bulgur;Norway;Aperitif;https://www.aperitif.no/oppskrifter/oppskrift/kalvelever-med-bulgur,2112467
Calf schnitzel;Norway;Aperitif;https://www.aperitif.no/oppskrifter/oppskrift/kalveschnitzel,69824
Calf steak in pot;Norway;Aperitif;https://www.aperitif.no/oppskrifter/oppskrift/kalvestek-i-gryte,69829
Carne no Tacho com Couve - Lamb casserole with cabbage;Norway;Aperitif;https://www.aperitif.no/oppskrifter/oppskrift/carne-no-tacho-com-couve-lammegryte-med-kal,63363
Casserole with shrimp as in Malabar;Norway;Aperitif;https://www.aperitif.no/oppskrifter/oppskrift/gryterett-med-reker-som-i-malabar,34474
Catfish with orange sauce;Norway;Aperitif;https://www.aperitif.no/oppskrifter/oppskrift/steinbit-med-appelsinsaus,62735
Ceviche of saithe with orange avocado and chili;Norway;Aperitif;https://www.aperitif.no/oppskrifter/oppskrift/ceviche-av-sei-med-appelsin-avocado-og-chili,2137275
Charley Saltimbocca with roasting gravy, potato puree and fennel tomato salsa;Norway;Aperitif;https://www.aperitif.no/oppskrifter/oppskrift/roye-saltimbocca-med-stekesjy-potetpure-og-fennikel-tomatsalsa,62224
Chicken Marengo;Norway;Aperitif;https://www.aperitif.no/oppskrifter/oppskrift/kylling-marengo,63055
Chicken thighs with barley pig and grilled paprika;Norway;Aperitif;https://www.aperitif.no/oppskrifter/oppskrift/kyllinglar-med-byggris-og-grillet-paprika,301727
Chinese chicken noodles;Norway;Aperitif;https://www.aperitif.no/oppskrifter/oppskrift/kinesiske-kyllingnudler,61509
Christmas Ribbe;Norway;Aperitif;https://www.aperitif.no/oppskrifter/oppskrift/juleribbe,63681
Classic lutefish muffler;Norway;Aperitif;https://www.aperitif.no/oppskrifter/oppskrift/klassisk-lutefisksuffle,62074
Club steak with cheese baked potatoes;Norway;Aperitif;https://www.aperitif.no/oppskrifter/oppskrift/clubsteak-med-ostebakte-poteter-club-steak-n-cheesebaked-potatoes-usa,34407
Confit of turkey thighs, turkey sausage with truffle, spinach jelly, onion coulis and orange sauce;Norway;Aperitif;https://www.aperitif.no/oppskrifter/oppskrift/confit-av-kalkunlar-kalkunpolse-med-troffel-spinatgele-lokcoulis-og-appelsinsaus,212
Crab in cart (Santola no carro) (Portugal);Norway;Aperitif;https://www.aperitif.no/oppskrifter/oppskrift/krabbe-i-vogn-santola-no-carro-portugal,34533
Crab Lasagne;Norway;Aperitif;https://www.aperitif.no/oppskrifter/oppskrift/krabbelasagne,62366
Domestic chops with stewed vegetables from Denmark;Norway;Aperitif;https://www.aperitif.no/oppskrifter/oppskrift/husmannskoteletter-med-stuede-gronnsaker-fra-danmark,63667
Easy fishing pot;Norway;Aperitif;https://www.aperitif.no/oppskrifter/oppskrift/lettvint-fiskegryte,61987
Egg pan with squash;Norway;Aperitif;https://www.aperitif.no/oppskrifter/oppskrift/eggepanne-med-squash,69547
Exotic chops with raita and mango salad;Norway;Aperitif;https://www.aperitif.no/oppskrifter/oppskrift/eksotiske-kotelettbiffer-med-raita-og-mangosalat,63635
Fish and Chips;Norway;Aperitif;https://www.aperitif.no/oppskrifter/oppskrift/slik-lager-du-fish-and-chips,62645
Fish soup from Caldeira (Portugal);Norway;Aperitif;https://www.aperitif.no/oppskrifter/oppskrift/caldeirada-fiskesuppe-fra-portugal,34436
Fishing fillet with Pesto alla Genovese;Norway;Aperitif;https://www.aperitif.no/oppskrifter/oppskrift/fiskefilet-med-pesto-alla-genovese,62500
Fried chicken in spinach pesto;Norway;Aperitif;https://www.aperitif.no/oppskrifter/oppskrift/ovnsstekt-kylling-i-spinatpesto,63190
Fried cod with orange sauce and mashed potatoes;Norway;Aperitif;https://www.aperitif.no/oppskrifter/oppskrift/stekt-torsk-med-appelsinsaus-og-potetmos,2037108
Fried noodles with chicken;Norway;Aperitif;https://www.aperitif.no/oppskrifter/oppskrift/pad-thai-med-kylling,34707
Fully fried reindeer fillet;Norway;Aperitif;https://www.aperitif.no/oppskrifter/oppskrift/helstekt-reinsdyrfilet,70041
Garlic marinated neck chops;Norway;Aperitif;https://www.aperitif.no/oppskrifter/oppskrift/hvitloksmarinerte-nakkekoteletter,253427
Goran's Tuna pasta;Norway;Aperitif;https://www.aperitif.no/oppskrifter/oppskrift/gorans-tunfisk-pasta,61636
Grilled fish in pita;Norway;Aperitif;https://www.aperitif.no/oppskrifter/oppskrift/grillet-fisk-i-pita,62801
Grilled monkfish with lentil ragu with apples and bacon vinaigrette;Norway;Aperitif;https://www.aperitif.no/oppskrifter/oppskrift/grillet-breiflabb-med-linseragu-med-epler-og-baconvinaigrette,1955299
Grilled quesedilla with chorizo;Norway;Aperitif;https://www.aperitif.no/oppskrifter/oppskrift/grillet-quesedilla-med-chorizo,34472
Grilled salmon / trout;Norway;Aperitif;https://www.aperitif.no/oppskrifter/oppskrift/grillet-laksorret,62804
Grilled salmon with mango salsa;Norway;Aperitif;https://www.aperitif.no/oppskrifter/oppskrift/grillet-laks-med-mangosalsa,301726
Hamburger with dressing;Norway;Aperitif;https://www.aperitif.no/oppskrifter/oppskrift/hamburger-med-dressing,34314
Happy salmon in E.C.Dahl's Christmas beer;Norway;Aperitif;https://www.aperitif.no/oppskrifter/oppskrift/glad-laks-i-ecdahls-juleol,62104
Hot & spicy pasta with grilled trout / salmon;Norway;Aperitif;https://www.aperitif.no/oppskrifter/oppskrift/hot-spicy-pasta-med-grillet-orretlaks,61641
hot meatballs with almond mesh potatoes;Norway;Aperitif;https://www.aperitif.no/oppskrifter/oppskrift/hotte-kjottboller-med-mandelpotetpure,217404
Indonesian grill wok;Norway;Aperitif;https://www.aperitif.no/oppskrifter/oppskrift/indonesisk-grill-wok,63001
Irish stew;Norway;Aperitif;https://www.aperitif.no/oppskrifter/oppskrift/irish-stew-irsk-stuing,63396
Jam Salmon;Norway;Aperitif;https://www.aperitif.no/oppskrifter/oppskrift/syltet-laks,230315
Kjetil's Best Cod with Herb Sauce;Norway;Aperitif;https://www.aperitif.no/oppskrifter/oppskrift/kjetils-beste-torsk-med-urtesaus,62516
Lamb steak;Norway;Aperitif;https://www.aperitif.no/oppskrifter/oppskrift/klassisk-lammestek,63405
Lamb with rice hyderabadi (Hyderabadi Gosht Biryani) (India);Norway;Aperitif;https://www.aperitif.no/oppskrifter/oppskrift/lam-med-ris-hyderabadi-gosht-biryani,34558
Mantza;Norway;Aperitif;https://www.aperitif.no/oppskrifter/oppskrift/mantza,60974
Marinated salmon on blueberry puree with lychee and cherry salsa;Norway;Aperitif;https://www.aperitif.no/oppskrifter/oppskrift/marinert-laks-pa-blabaerpure-med-litchi-og-kirsebaersalsa,62681
Meat and pumpkin as in Sudan;Norway;Aperitif;https://www.aperitif.no/oppskrifter/oppskrift/kjott-og-gresskar-som-i-sudan,34523
Meatballs with chili and pasta;Norway;Aperitif;https://www.aperitif.no/oppskrifter/oppskrift/kjottboller-med-chili-og-pasta,63686
Mussels with lemongrass, ginger, coconut, lime and chili;Norway;Aperitif;https://www.aperitif.no/oppskrifter/oppskrift/blaskjell-med-sitrongress-ingefaer-kokos-lime-og-chili,2032739
Olive Risotto;Norway;Aperitif;https://www.aperitif.no/oppskrifter/oppskrift/olivenrisotto,1981465
Omelet with sausages;Norway;Aperitif;https://www.aperitif.no/oppskrifter/oppskrift/omelett-med-polser,69583
Onions filled with ratatouille;Norway;Aperitif;https://www.aperitif.no/oppskrifter/oppskrift/lok-fylt-med-ratatouille,60891
Oven baked cod with small vegetables in shrimp sauce, mushroom lasagna and parmesan foam;Norway;Aperitif;https://www.aperitif.no/oppskrifter/oppskrift/ovnsbakt-torskerygg-med-smagronnsaker-i-rekesaus-sopplasagna-og-parmesanskum,62524
Pasta with fresh and smoked salmon;Norway;Aperitif;https://www.aperitif.no/oppskrifter/oppskrift/pasta-med-fersk-og-rokt-laks,61679
Poached Arctic char on crispy cauliflower, topped with forest duck line and lardo, potato gnocchi and potato and stone foam;Norway;Aperitif;https://www.aperitif.no/oppskrifter/oppskrift/pochert-ishavsroye-pa-crispy-blomkalterte-toppet-med-skogsoppduxelline-og-lardopotetgnocchi-og-potet-og-steinsoppskum,62210
Poke like in Hawaii;Norway;Aperitif;https://www.aperitif.no/oppskrifter/oppskrift/poke-som-pa-hawaii,2014890
Pork on a Peasant (Hirino eksohiko) (Greece);Norway;Aperitif;https://www.aperitif.no/oppskrifter/oppskrift/svinekjott-pa-bondevis-hirino-eksohiko-hellas,34726
Red beef curry(Thailand);Norway;Aperitif;https://www.aperitif.no/oppskrifter/oppskrift/rod-biffkarri-thailand,34657
Risotto with Cantherelle;Norway;Aperitif;https://www.aperitif.no/oppskrifter/oppskrift/risotto-med-kantarell,61795
Roast chicken on skewers (Frango no espeto) (Portugal);Norway;Aperitif;https://www.aperitif.no/oppskrifter/oppskrift/grillstekt-kylling-pa-spidd-frango-no-espeto-portugal,34473
Roasted turkey;Norway;Aperitif;https://www.aperitif.no/oppskrifter/oppskrift/urtestekt-kalkun,62916
Rock'n Roll Chicken;Norway;Aperitif;https://www.aperitif.no/oppskrifter/oppskrift/rockn-roll-kylling,63203
Salmon ceviche with spring onion, sesame seeds, deep fried noodles and rhubarb address;Norway;Aperitif;https://www.aperitif.no/oppskrifter/oppskrift/lakseceviche-med-varlok-sesamfro-frityrstekte-nudler-og-rabarbradressing,335008
Sashimi of cod with apple and wasabi sorbet;Norway;Aperitif;https://www.aperitif.no/oppskrifter/oppskrift/sashimi-av-kveite-med-eple-og-wasabisorbet,62056
Satay of pigs with honey and ginger;Norway;Aperitif;https://www.aperitif.no/oppskrifter/oppskrift/satay-av-svin-med-honning-og-ingefaer,34665
Seafood salad with salmon roe;Norway;Aperitif;https://www.aperitif.no/oppskrifter/oppskrift/skalldyrsalat-med-lakserogn,62444
Shrimp with orange and basil;Norway;Aperitif;https://www.aperitif.no/oppskrifter/oppskrift/reker-med-appelsin-og-basilikum,69687
Single smoked salmon laurel with cucumber curry and dillaioli;Norway;Aperitif;https://www.aperitif.no/oppskrifter/oppskrift/einerrokt-lakseloin-med-agurkrull-og-dillaioli,414
Soy Marinate Salmon;Norway;Aperitif;https://www.aperitif.no/oppskrifter/oppskrift/soyamarinert-laks,62240
Spagetti Bolognese;Norway;Aperitif;https://www.aperitif.no/oppskrifter/oppskrift/spagetti-bolognese,61761
Spring chicken with spring vegetables and thyme foam;Norway;Aperitif;https://www.aperitif.no/oppskrifter/oppskrift/varkylling-med-vargronnsaker-og-timianskum,231457
Steak with potato salad;Norway;Aperitif;https://www.aperitif.no/oppskrifter/oppskrift/biff-med-aromasmor-og-potetsalat,69928
Stoccafisso ai caperi (Stockfish with capers);Norway;Aperitif;https://www.aperitif.no/oppskrifter/oppskrift/stoccafisso-ai-caperi-torrfisk-med-kapers,61831
Stuffed chicken fillet with curry and coconut sauce;Norway;Aperitif;https://www.aperitif.no/oppskrifter/oppskrift/fylt-kyllingfilet-med-karri-og-kokossaus,62961
Sushi hand rolls with salmon sake temaki;Norway;Aperitif;https://www.aperitif.no/oppskrifter/oppskrift/sushi-handruller-med-laks-sake-temaki,62756
Tacos with cod and salsa;Norway;Aperitif;https://www.aperitif.no/oppskrifter/oppskrift/tacos-med-torsk-og-salsa,62552
Teriyaki marinated mackerel fillets;Norway;Aperitif;https://www.aperitif.no/oppskrifter/oppskrift/teriyaki-marinerte-makrellfileter,61894
Thai fried chicken with noodle salad;Norway;Aperitif;https://www.aperitif.no/oppskrifter/oppskrift/thaistekt-kylling-med-nudelsalat,34766
Turkey fillet on party bed;Norway;Aperitif;https://www.aperitif.no/oppskrifter/oppskrift/kalkunfilet-pa-partyseng,62891
Turkey steak with sweet potato, ruccula and cheese butter;Norway;Aperitif;https://www.aperitif.no/oppskrifter/oppskrift/kalkunbiff-med-sotpotet-ruccula-og-ostesmor,62885
Veallo from Sardinia - Vitello alla Sarda;Norway;Aperitif;https://www.aperitif.no/oppskrifter/oppskrift/kalvestek-fra-sardinia-vitello-alla-sarda,69828
Zarzuella;Norway;Aperitif;https://www.aperitif.no/oppskrifter/oppskrift/zarzuella,69691
Zedoar rice soup (Amb Halad Ka Shorba) (India);Norway;Aperitif;https://www.aperitif.no/oppskrifter/oppskrift/zedoarisuppe-amb-halad-ka-shorba-india,34762
Bacalao de Kristiansund;Norway;Klikk;https://oppskrift.klikk.no/bacalao-de-kristiansund/1113/
Baked fish fillet with a taste of the Mediterranean;Norway;Klikk;https://oppskrift.klikk.no/ovnsbakt-fiskefilet-med-smak-av-middelhavet/1357/
Baked roast with apples and prunes;Norway;Klikk;https://oppskrift.klikk.no/ovnsbakte-andel%C3%A5r-med-epler-og-svisker/4154/
Baked salmon fillet with sour apple sauce;Norway;Klikk;https://oppskrift.klikk.no/ovnsbakt-laksefilet-med-syrlig-eplesaus/3651/
Baked turkey with puff pastry;Norway;Klikk;https://oppskrift.klikk.no/ovnsbakt-kalkun-med-butterdeig/808/
Beef roast with sherry sauce;Norway;Klikk;https://oppskrift.klikk.no/m%C3%B8rbradstek-med-sherrysaus/64/
Beef skewers marinated in teriyaki;Norway;Klikk;https://oppskrift.klikk.no/oksespyd-marinert-i-teriyaki/2330/
Beef tongue with beets;Norway;Klikk;https://oppskrift.klikk.no/oksetunge-med-beter/3339/
Biffwrap;Norway;Klikk;https://oppskrift.klikk.no/biffwrap/4120/
Biryani - Indian chicken dish;Norway;Klikk;https://oppskrift.klikk.no/biryani---indisk-kyllingrett/4174/
Breaded cod;Norway;Klikk;https://oppskrift.klikk.no/panert-torsk/4467/
Carne no Tacho com Couve - Brazilian sheep cabbage;Norway;Klikk;https://oppskrift.klikk.no/carne-no-tacho-com-couve---brasiliansk-f%C3%A5rik%C3%A5l/2203/
Catfish in wok;Norway;Klikk;https://oppskrift.klikk.no/steinbit-i-wok/2474/
Chicken sataya with noodle salad;Norway;Klikk;https://oppskrift.klikk.no/kylling-sataya-med-nudelsalat/5211/
Chicken tikka masala;Norway;Klikk;https://oppskrift.klikk.no/chicken-tikka-masala/4680/
Chicken with cinnamon;Norway;Klikk;https://oppskrift.klikk.no/kylling-med-kanel/4650/
Chicken with spring onions;Norway;Klikk;https://oppskrift.klikk.no/kylling-med-v%C3%A5rl%C3%B8k/5018/
Crab on the plate;Norway;Klikk;https://oppskrift.klikk.no/krabbe-p%C3%A5-tallerken/4993/
Creole meat dough casserole;Norway;Klikk;https://oppskrift.klikk.no/kreolsk-kj%C3%B8ttdeiggryte/4733/
Cut fish with asparagus;Norway;Klikk;https://oppskrift.klikk.no/klippfisk-med-asparges/2645/
Deer wallenberg;Norway;Klikk;https://oppskrift.klikk.no/r%C3%A5dyr-wallenberg/2951/
eggplant with meat filling;Norway;Klikk;https://oppskrift.klikk.no/auberginer-med-kj%C3%B8ttfyll/1394/
French lamb roast;Norway;Klikk;https://oppskrift.klikk.no/fransk-lammestek/82/
Fresh chicken fillet with orange sauce;Norway;Klikk;https://oppskrift.klikk.no/fersk-kyllingfilet-med-appelsinsaus/1633/
fried chicken with honey and soy;Norway;Klikk;https://oppskrift.klikk.no/stekt-kylling-med-honning-og-soya/3972/
Fried salmon with salsa verde;Norway;Klikk;https://oppskrift.klikk.no/skinnstekt-laks-med-salsa-verde/1697/
Gigantic fish cake;Norway;Klikk;https://oppskrift.klikk.no/gigantisk-fiskekake/5431/
Herring with apple and beet salad and eggs;Norway;Klikk;https://oppskrift.klikk.no/sild-med-eple--og-r%C3%B8dbetsalat-og-egg/2756/
Homemade stick meat;Norway;Klikk;https://oppskrift.klikk.no/hjemmelaget-pinnekj%C3%B8tt/3866/
Italian chicken stew;Norway;Klikk;https://oppskrift.klikk.no/italiensk-kyllinggryte/1640/
Italian quick chicken;Norway;Klikk;https://oppskrift.klikk.no/italiensk-hurtigkylling/4703/
Jambalaya (rice with seafood);Norway;Klikk;https://oppskrift.klikk.no/jambalaya-%28ris-med-sj%C3%B8mat%29/3546/
Ken Homs` chicken and cashew nuts in wok;Norway;Klikk;https://oppskrift.klikk.no/ken-homs%60-kylling-og-cashewn%C3%B8tter-i-wok/1255/
Lamb a la Wenche Porridge;Norway;Klikk;https://oppskrift.klikk.no/lam-a-la-wenche-gr%C3%B8tte/2804/
Lamb chop in apple sauce;Norway;Klikk;https://oppskrift.klikk.no/lammekoteletter-i-eplesaus/57/
Lasagne;Norway;Klikk;https://oppskrift.klikk.no/lasagne/1667/
Lemon fried chicken thighs with chili potatoes;Norway;Klikk;https://oppskrift.klikk.no/sitronstekte-kyllingl%C3%A5r-med-chilipoteter/3356/
Long-cooked beef in tomato sauce;Norway;Klikk;https://oppskrift.klikk.no/langkokt-oksekj%C3%B8tt-i-tomatsaus/3985/
Mackerel burgers with tzatsiki and tomato salad;Norway;Klikk;https://oppskrift.klikk.no/makrellburgere-med-tzatsiki-og-tomatsalat/2571/
Mexican chicken wraps;Norway;Klikk;https://oppskrift.klikk.no/meksikanske-kyllingwraps/632/
Minced beef with tomato-based vegetable stew;Norway;Klikk;https://oppskrift.klikk.no/hakkebiff-med-tomatbasert-gr%C3%B8nnsakstuing/2825/
Moose of elk;Norway;Klikk;https://oppskrift.klikk.no/sosekj%C3%B8tt-av-elg/197/
Moules marinière;Norway;Klikk;https://oppskrift.klikk.no/moules-marini%C3%A8re/210/
Murg tandoori - tandoori chicken with naan, raita and tomato salad;Norway;Klikk;https://oppskrift.klikk.no/murg-tandoori---tandoorikylling-med-naan%2C-raita-og-tomatsalat/3059/
Mussels in curry;Norway;Klikk;http://oppskrift.klikk.no/bl%C3%A5skjell-i-karri/143/
Ngirisushi;Norway;Klikk;http://oppskrift.klikk.no/ngirisushi/525/
Norwegian ratatouille;Norway;Klikk;https://oppskrift.klikk.no/norsk-ratatouille/356/
Old fashioned lamb roast;Norway;Klikk;https://oppskrift.klikk.no/gammeldags-lammestek/63/
Omelette by principle;Norway;Klikk;https://oppskrift.klikk.no/omelett-etter-prinsippet/1390/
Osso Buco with gremolata and risotto;Norway;Klikk;https://oppskrift.klikk.no/ossobuco-med-gremolata-og-risotto/1068/
Pad thai - fried noodles;Norway;Klikk;https://oppskrift.klikk.no/pad-thai---stekte-nudler/3809/
Paella with white fish and mussels;Norway;Klikk;https://oppskrift.klikk.no/paella-med-hvit-fisk-og-bl%C3%A5skjell/1244/
Parisian steak;Norway;Klikk;https://oppskrift.klikk.no/pariserb%C3%B8f/2830/
Pasta alla norma;Norway;Klikk;http://oppskrift.klikk.no/pasta-alla-norma/7127/
Pasta with Mexican shrimp sauce;Norway;Klikk;https://oppskrift.klikk.no/pasta-med-meksikansk-rekesaus/1717/
Penne pasta with arrabbiata sauce;Norway;Klikk;https://oppskrift.klikk.no/penne-all%27arrabbiata/7125/
Pepper salmon with mushroom and bacon paste;Norway;Klikk;https://oppskrift.klikk.no/pepperlaks-med-sopp--og-baconpasta/2683/
Pick Fish;Norway;Klikk;https://oppskrift.klikk.no/plukkfisk/280/
Pie with smoked salmon and white goat cheese;Norway;Klikk;https://oppskrift.klikk.no/pai-med-r%C3%B8kelaks-og-hvit-geitost/3789/
Pizza on thick tortillas with quick pizza sauce;Norway;Klikk;https://oppskrift.klikk.no/pizza-p%C3%A5-tykke-tortillalefser-med-kjapp-pizzasaus/4766/
Pollack with blood orange sauce;Norway;Klikk;https://oppskrift.klikk.no/skrei-med-blodappelsinsaus/3385/
Pollack with shrimp and asparagus;Norway;Klikk;https://oppskrift.klikk.no/skrei-med-reker-og-asparges/2672/
Pollock with herb onion and baked potatoes;Norway;Klikk;https://oppskrift.klikk.no/seibiff-med-urtel%C3%B8k-og-ovnsbakte-poteter/3057/
Pommes Anna;Norway;Klikk;https://oppskrift.klikk.no/pommes-anna/4639/
Potato symphony with grilled chicken;Norway;Klikk;https://oppskrift.klikk.no/potetsymfoni-med-grillet-kylling/2456/
Quinoa salad with roast beef;Norway;Klikk;https://oppskrift.klikk.no/quinoasalat-med-roastbiff/3451/
Raclette;Norway;Klikk;https://oppskrift.klikk.no/raclette/3603/
Reindeer steak with thyme and juniper butter, almond potato puree and red wine cloud;Norway;Klikk;https://oppskrift.klikk.no/reinsdyrbiff-med-timian--og-eineb%C3%A6rsm%C3%B8r%2C-mandelpotetpur%C3%A9-og-r%C3%B8dvinssky/1870/
Remulade for fish;Norway;Klikk;https://oppskrift.klikk.no/remulade-til-fisk/3543/
Ribs from Alfred Restaurant;Norway;Klikk;https://oppskrift.klikk.no/ribbe-fra-alfred-restaurant/5026/
Risotto with crab;Norway;Klikk;https://oppskrift.klikk.no/risotto-med-krabbe/2682/
Roast beef;Norway;Klikk;https://oppskrift.klikk.no/roastbiff/4999/
Russian chicken à la ripe;Norway;Klikk;https://oppskrift.klikk.no/russisk-kylling-%C3%A0-la-rype/2941/
Saffron risotto with chicken;Norway;Klikk;https://oppskrift.klikk.no/safranrisotto-med-kylling/321/
Salmon chops are delicious;Norway;Klikk;https://oppskrift.klikk.no/laksekotelett-blir-lekkert/4502/
Salmon with Sandefjord butter and cucumber salad;Norway;Klikk;https://oppskrift.klikk.no/laks-med-sandefjordsm%C3%B8r-og-agurksalat/1585/
Salt stew;Norway;Klikk;https://oppskrift.klikk.no/salt-lapskaus/86/
Sate Babi - Pork on skewers;Norway;Klikk;https://oppskrift.klikk.no/sate-babi---svinekj%C3%B8tt-p%C3%A5-spyd/1722/
Scallops with soy, lime and tomato;Norway;Klikk;https://oppskrift.klikk.no/kamskjell-med-soya%2C-lime-og-tomat/436/
Sea chicken;Norway;Klikk;https://oppskrift.klikk.no/havkylling/2207/
Seasoned salmon;Norway;Klikk;https://oppskrift.klikk.no/sesampanert-laks/1753/
Shellfish Kraft;Norway;Klikk;https://oppskrift.klikk.no/skalldyrkraft/4411/
Shrimp el diablo;Norway;Klikk;https://oppskrift.klikk.no/scampi-el-diablo/1477/
Shrimp soup with fish;Norway;Klikk;https://oppskrift.klikk.no/rekesuppe-med-fisk/1682/
Smoked lamb with barley, root vegetables and parsley sauce;Norway;Klikk;https://oppskrift.klikk.no/r%C3%B8kt-lammel%C3%A5r-med-byggryn%2C-rotgr%C3%B8nnsaker-og-persillesaus/3010/
Smoked salmon with shrimp tatsiki;Norway;Klikk;https://oppskrift.klikk.no/r%C3%B8kelaks-med-reketatsiki/1512/
Soweto hot pot;Norway;Klikk;https://oppskrift.klikk.no/soweto-hot-pot/1163/
Soybean catfish with spring onions and chilli rings;Norway;Klikk;https://oppskrift.klikk.no/soyakokt-steinbit-med-v%C3%A5rl%C3%B8k-og-chiliringer/2669/
Spagetti Bolognese;Norway;Klikk;https://oppskrift.klikk.no/spagetti-bolognese/5033/
Spareribs;Norway;Klikk;https://oppskrift.klikk.no/spareribs/5317/
Spicy Tuna Roll;Norway;Klikk;https://oppskrift.klikk.no/spicy-tuna-roll/524/
Steamed mussels with curry cream;Norway;Klikk;https://oppskrift.klikk.no/dampede-bl%C3%A5skjell-med-karrifl%C3%B8te/2932/
Trout with green sauce;Norway;Klikk;https://oppskrift.klikk.no/%C3%B8rret-med-gr%C3%B8nn-saus/1754/
Whole grilled pork fillet with chili;Norway;Klikk;https://oppskrift.klikk.no/helgrillet-svinefilet-med-chili/3534/
Wok mackerel with red curry paste;Norway;Klikk;https://oppskrift.klikk.no/makrell-i-wok-med-r%C3%B8d-currypasta/1764/
A very simple taco;Norway;Kolonialen;https://oda.com/no/recipes/1198-old-el-paso-en-helt-enkel-taco/
Angus tenderloin with sour honey sauce and grilled asparagus;Norway;Kolonialen;https://oda.com/no/recipes/2479-hellstrom-angus-indrefilet-med-syrlig-honningsaus-og-grillet/
Asian everyday salad with carbonated dough;Norway;Kolonialen;https://oda.com/no/recipes/1306-ina-shelby-kjokkentjeneste-asiatisk-hverdagssalat-med-karbonadedeig/
Baked salmon with parmesan and tomato salad;Norway;Kolonialen;https://oda.com/no/recipes/1084-godfisk-no-ovnsbakt-laks-med-parmesanlokk-og-tomatsalat/
Beef with broccoli pan;Norway;Kolonialen;https://oda.com/no/recipes/2429-spoon-biff-med-brokkolipanne/
Brown stew;Norway;Kolonialen;"https://oda.com/no/recipes/2307-hellstrom-brun-lapskaus/
https://www.godt.no/oppskrift/865/brun-lapskaus"
cacio e pepe potatoes with fish;Norway;Kolonialen;https://oda.com/no/recipes/2736-spoon-cacio-e-pepe-poteter-med-fisk/
chickpea curry with coconut rice;Norway;Kolonialen;https://oda.com/no/recipes/2766-silje-og-solvold-kikertcurry-med-kokosris/
Chickpea curry with rice and Greek yogurt;Norway;Kolonialen;https://oda.com/no/recipes/1768-spoon-kikertcurry-med-ris-og-gresk-yoghurt/
Christmas ham;Norway;Kolonialen;https://oda.com/no/recipes/2318-hellstrom-juleskinke/
Classic lamb stew with mashed potatoes;Norway;Kolonialen;https://oda.com/no/recipes/2056-spoon-klassisk-lammegryte-med-potetmos/
Cod with pesto and pasta mix;Norway;Kolonialen;https://oda.com/no/recipes/2390-spoon-torsk-med-pesto-og-pastablanding/
Côte de boeuf with maître sauce and baked beets;Norway;Kolonialen;https://oda.com/no/recipes/2476-hellstrom-cote-de-bouef-med-maitre-dsaus-og-bakte-rodbeter/
Cream-grated potatoes with fennel and chicken pieces;Norway;Kolonialen;https://oda.com/no/recipes/1480-elin-larsen-elinlarsen-net-flotegratinerte-poteter-med-fennikel-og-kyllingbit/
Creamy chicken pasta with broccoli;Norway;Kolonialen;https://oda.com/no/recipes/2368-spoon-kremet-kyllingpasta-med-brokkoli/
Creamy pasta shape with salmon;Norway;Kolonialen;https://oda.com/no/recipes/2589-spoon-kremet-pastaform-med-laks/
Creamy pasta with asparagus;Norway;Kolonialen;https://oda.com/no/recipes/2209-spoon-kremet-pasta-med-asparges/
Creamy pasta with mushrooms and dill;Norway;Kolonialen;https://oda.com/no/recipes/1741-spoon-kremet-pasta-med-sopp-og-dill/
Creamy potato salad with salmon;Norway;Kolonialen;https://oda.com/no/recipes/2251-spoon-kremet-potetsalat-med-laks/
Creamy spaghetti with chicken, sun-dried tomatoes and mushrooms;Norway;Kolonialen;https://oda.com/no/recipes/295-elin-larsen-elinlarsen-net-kremet-spaghetti-med-kylling-soltorket-tomater-og-/
Crispbread with mackerel in tomato and chef salad;Norway;Kolonialen;https://oda.com/no/recipes/2534-marit-marvik-knekkebrod-med-makrell-i-tomat-og-chef-salat/
Crispy salmon with pesto pasta;Norway;Kolonialen;https://oda.com/no/recipes/2326-spoon-pestopasta-med-laks-og-erter/
Cutlets and vegetables in shape;Norway;Kolonialen;https://oda.com/no/recipes/1765-spoon-koteletter-og-gronnsaker-i-form/
Elin's homemade vegetable burger;Norway;Kolonialen;https://oda.com/no/recipes/1639-elin-larsen-elinlarsen-net-elins-hjemmelagde-gronnsaksburger/
Elongated chops;Norway;Kolonialen;https://oda.com/no/recipes/418-rundt-bordet-langstekte-koteletter/
Faith Spiced Salmon With Quinoa Salad;Norway;Kolonialen;https://oda.com/no/recipes/1201-old-el-paso-fajitakrydret-laks-med-quinoasalat/
Fish stew with sea delicacies, vegetables & pasta;Norway;Kolonialen;https://oda.com/no/recipes/2617-marit-marvik-fiskegryte-med-havets-delikatesser-gronnsaker-past/
Foliebakt laks med risotto;Norway;Kolonialen;https://oda.com/no/recipes/2071-spoon-foliebakt-laks-med-risotto/
Fresh curry soup with chicken;Norway;Kolonialen;https://oda.com/no/recipes/2397-hellstrom-frisk-currysuppe-med-kylling/
Fresh pasta with salmon, cream and peas;Norway;Kolonialen;https://oda.com/no/recipes/1468-oda-fersk-pasta-med-laks-flote-og-erter/
Fried rice with eggs;Norway;Kolonialen;https://oda.com/no/recipes/2407-spoon-stekt-ris-med-egg/
Fried salmon with rice and avocado cream;Norway;Kolonialen;https://oda.com/no/recipes/1462-oda-ovnsstekt-laks-med-ris-og-avokadokrem/
Fårikål;Norway;Kolonialen;https://oda.com/no/recipes/1726-spoon-farikal/
Greek moussaka;Norway;Kolonialen;https://oda.com/no/recipes/1747-toro-gresk-moussaka/
Grilled beefblings with cold-stirred bearnaise;Norway;Kolonialen;https://oda.com/no/recipes/1450-oda-grillet-biffblings-med-kaldrort-bearnaise/
Grilled chicken fillet with mango sauce and noodle salad;Norway;Kolonialen;https://oda.com/no/recipes/1573-oda-grillet-kyllingfilet-med-mangosaus-og-nudelsalat/
Grilled halloumi with strawberries and herbs;Norway;Kolonialen;https://oda.com/no/recipes/2164-spoon-grillet-halloumi-med-jordbaer-og-urter/
Grilled SALMA with bulgur salad;Norway;Kolonialen;https://oda.com/no/recipes/370-salma-no-grillet-salma-med-bulgursalat/
Hanger steak with cherry tomato sauce and crispy corn cob salad;Norway;Kolonialen;https://oda.com/no/recipes/2481-hellstrom-hanger-steak-med-cherrytomatsaus-og-spro-maiskolbe/
Indian Chicken;Norway;Kolonialen;https://oda.com/no/recipes/436-rundt-bordet-indisk-kylling/
Jerk chicken with mango salad and rice;Norway;Kolonialen;https://oda.com/no/recipes/1243-spoon-jerk-kylling-med-mangosalat-og-ris/
Juicy chicken thighs baked in the oven with sauces;Norway;Kolonialen;https://oda.com/no/recipes/2285-spoon-saftige-kyllinglar-bakt-i-ovnen-med-beter/
Juicy ribs with homemade tortillas;Norway;Kolonialen;https://oda.com/no/recipes/2351-spoon-saftig-ribbe-med-hjemmelaget-tortillas/
Lamb carrots with herb crust, root mash and mushrooms;Norway;Kolonialen;https://oda.com/no/recipes/2050-spoon-lammecarre-med-urteskorpe-rotmos-og-sopp/
Lemon chicken with sweet potato stew;Norway;Kolonialen;https://oda.com/no/recipes/2068-spoon-sitronkylling-med-sotpotetstappe/
Lens curry with rice;Norway;Kolonialen;https://oda.com/no/recipes/2284-spoon-linsecurry-med-ris/
Luxury steak with simple bearnaise sauce;Norway;Kolonialen;https://oda.com/no/recipes/922-matbloggen-julie-ilona-balas-luksusbiff-med-enkel-bearnaisesaus/
Manchego Omelett;Norway;Kolonialen;https://oda.com/no/recipes/1645-elin-larsen-elinlarsen-net-manchego-omelett/
Meat skewers with quinoa salad;Norway;Kolonialen;https://oda.com/no/recipes/2110-spoon-kjottspyd-med-quinoasalat/
Meatball in brown gravy;Norway;Kolonialen;https://oda.com/no/recipes/2315-hellstrom-kjottkaker-i-brun-saus/
Meatballs with oven-baked vegetables and spicy cream sauce;Norway;Kolonialen;https://oda.com/no/recipes/2632-marit-marvik-kjottboller-med-ovnsbakte-gronnsaker-og-pikant-flo/
Mild curry wok with pork;Norway;Kolonialen;https://oda.com/no/recipes/2302-spoon-mild-currywok-med-svinekjott-og-ris/
Mild Tikka Masala;Norway;Kolonialen;https://oda.com/no/recipes/1576-oda-mild-tikka-masala/
Mild Tom Kha gai;Norway;Kolonialen;https://oda.com/no/recipes/1579-oda-mild-tom-kha-gai/
Moussaka with minced meat;Norway;Kolonialen;https://oda.com/no/recipes/1969-spoon-moussaka-med-kjottdeig/
Mushroom skewer with a simple cucumber salad;Norway;Kolonialen;https://oda.com/no/recipes/2173-spoon-scampispyd-med-en-enkel-agurksalat/
Nasi Goreng Casserole;Norway;Kolonialen;https://oda.com/no/recipes/259-frukt-no-nasi-goreng-gryte/
Neck chops with mustard sauce;Norway;Kolonialen;https://oda.com/no/recipes/2401-hellstrom-nakkekoteletter-med-sennepssaus/
Organic pork neck with mustard sauce and baked beets;Norway;Kolonialen;https://oda.com/no/recipes/2480-hellstrom-okologisk-svinenakke-med-sennepssaus-og-bakte-rodb/
Pad thai with chicken;Norway;Kolonialen;https://oda.com/no/recipes/2574-spoon-pad-thai-med-kylling/
Pasta and Italian meatballs in tomato sauce;Norway;Kolonialen;https://oda.com/no/recipes/457-elin-larsen-elinlarsen-net-pasta-og-italienske-kjottboller-i-tomatsaus/
Pasta Salmon;Norway;Kolonialen;https://oda.com/no/recipes/1096-godfisk-no-pastalaks/
Pasta screws with squash and salmon;Norway;Kolonialen;https://oda.com/no/recipes/2394-hellstrom-pastaskruer-med-squash-og-laks/
Pasta with scampi;Norway;Kolonialen;https://oda.com/no/recipes/1924-spoon-pasta-med-scampi/
Pinnekjøtt;Norway;Kolonialen;https://oda.com/no/recipes/2319-hellstrom-pinnekjott/
Pizza bolognese;Norway;Kolonialen;https://oda.com/no/recipes/2614-marit-marvik-pizza-bolognese/
Pizza with ham, bell peppers and corn on 1-2-3;Norway;Kolonialen;https://oda.com/no/recipes/2583-marit-marvik-pizza-med-skinke-paprika-og-mais-pa-1-2-3/
Poke Bowl with Salmon;Norway;Kolonialen;https://oda.com/no/recipes/2257-spoon-poke-bowl-med-laks/
Pork chops with oven-baked potatoes;Norway;Kolonialen;https://oda.com/no/recipes/2421-spoon-svinekoteletter-med-ovnsbakte-poteter/
Potato mold with chicken;Norway;Kolonialen;https://oda.com/no/recipes/2576-spoon-potetform-med-kylling/
Quesadillas;Norway;Kolonialen;https://oda.com/no/recipes/1147-old-el-paso-quesadillas/
Red curry with bottle gourd;Norway;Kolonialen;https://oda.com/no/recipes/2578-spoon-rod-curry-med-flaskegresskar/
Risotto with mushrooms and chicken breast;Norway;Kolonialen;https://oda.com/no/recipes/136-espen-nersveen-heiamat-risotto-med-sopp-og-kyllingbryst/
Risotto with pork fillet;Norway;Kolonialen;https://oda.com/no/recipes/2392-hellstrom-risotto-med-svinefilet/
Roast chicken thighs with sweet potato boats and Asian chilli and ginger sauce;Norway;Kolonialen;https://oda.com/no/recipes/1321-elin-larsen-elinlarsen-net-ovnsstekte-kyllinglar-med-sotpotetbater-og-asiatis/
Roast pork fillet with choron sauce, spring onion and cauliflower;Norway;Kolonialen;https://oda.com/no/recipes/2610-marit-marvik-helstekt-svinefilet-med-choronsaus-varlok-og-blomk/
Rough fish cakes with carrot stew;Norway;Kolonialen;https://oda.com/no/recipes/1012-godfisk-no-grove-fiskekaker-med-gulrotstuing/
Salmon fillet, broccoli and hollandaise with orange flavor;Norway;Kolonialen;https://www.toro.no/oppskrifter/laksefilet-med-hollandaise-med-appelsinsmak-og-superris/
Salmon Spear;Norway;Kolonialen;https://oda.com/no/recipes/2464-spoon-laksespyd/
Salmon taco in heart salad;Norway;Kolonialen;https://oda.com/no/recipes/913-matbloggen-julie-ilona-balas-laksetaco-i-hjertesalat/
Salmon with a mango salad;Norway;Kolonialen;https://oda.com/no/recipes/2107-spoon-laks-med-en-mangosalat/
Salmon with green salad, raita and barley pig;Norway;Kolonialen;https://oda.com/no/recipes/1114-spoon-laks-med-gronn-salat-raita-og-byggris/
Sashimi with mango salad and homemade ponzo sauce;Norway;Kolonialen;https://oda.com/no/recipes/226-matbloggen-julie-ilona-balas-sashimi-med-mangosalat-og-hjemmelaget-ponzusaus/
Simple meatballs with bean salad;Norway;Kolonialen;https://oda.com/no/recipes/2101-spoon-enkle-kjottboller-med-bonnesalat/
Soy salmon with quinoa salad;Norway;Kolonialen;https://oda.com/no/recipes/1657-elin-larsen-elinlarsen-net-soyalaks-med-quinoasalat/
Spaghetti Carbonara;Norway;Kolonialen;https://oda.com/no/recipes/728-spoon-spaghetti-carbonara/
Spaghetti with salmon and shrimp;Norway;Kolonialen;https://oda.com/no/recipes/581-godfisk-no-spaghetti-med-laks-og-reker/
Steak with béarnaise;Norway;Kolonialen;https://oda.com/no/recipes/2310-hellstrom-biff-med-bearnaise/
Summer chops, fresh salad and potatoes;Norway;Kolonialen;https://oda.com/no/recipes/1249-spoon-sommerkoteletter-frisk-salat-og-poteter/
Sushi Bowl;Norway;Kolonialen;https://oda.com/no/recipes/2379-spoon-sushibolle/
Sweet chili wok with salmon;Norway;Kolonialen;https://oda.com/no/recipes/1021-godfisk-no-sweet-chili-wok-med-laks/
Tacoquiche;Norway;Kolonialen;https://oda.com/no/recipes/307-enestaende-mat-tacoquiche/
Tandoori Salmon with spinach and rice;Norway;Kolonialen;https://oda.com/no/recipes/2086-spoon-tandoorilaks-med-spinat-og-ris/
Thai Noodle;Norway;Kolonialen;https://oda.com/no/recipes/2372-spoon-thainudler/
Vegetarlasagne;Norway;Kolonialen;https://oda.com/no/recipes/1948-spoon-vegetarlasagne/
Wildcat with colorful vegetables;Norway;Kolonialen;https://oda.com/no/recipes/2624-marit-marvik-biffgryte-med-fargerike-gronnsaker/
Wok with pork and rice;Norway;Kolonialen;https://oda.com/no/recipes/2255-spoon-wok-med-svinekjott-og-ris/
Wok with vegetables and scampi;Norway;Kolonialen;https://oda.com/no/recipes/2403-hellstrom-wok-med-gronnsaker-og-scampi/
7-layer Gratin Tacodip;Norway;Tine;https://www.tine.no/oppskrifter/middag-og-hovedretter/kjott/7-lags-gratinert-tacodipp
Ajo Bianco With Coppa Ham;Norway;Tine;https://www.tine.no/oppskrifter/middag-og-hovedretter/supper/ajo-bianco-med-coppa-skinke
Asian Fish Cakes With Mango And Cream Dressing;Norway;Tine;https://www.tine.no/oppskrifter/middag-og-hovedretter/fisk-og-skalldyr/asiatiske-fiskekaker-med-mango-og-r%C3%B8mmedressing
Asian Salmon Cakes;Norway;Tine;https://www.tine.no/oppskrifter/middag-og-hovedretter/fisk-og-skalldyr/asiatiske-laksekaker
Asian Seiwok;Norway;Tine;https://www.tine.no/oppskrifter/middag-og-hovedretter/fisk-og-skalldyr/asiatisk-seiwok
Baked Almond Potatoes w/Cream Butter;Norway;Tine;https://www.tine.no/oppskrifter/middag-og-hovedretter/gronnsaker-og-poteter/bakte-mandelpoteter-med-r%C3%B8mmesm%C3%B8r
Baked Cod;Norway;Tine;https://www.tine.no/oppskrifter/middag-og-hovedretter/fisk-og-skalldyr/ovnsbakt-torsk
Baked Halibut With Cream Sauce In Shape;Norway;Tine;https://www.tine.no/oppskrifter/middag-og-hovedretter/fisk-og-skalldyr/bakt-kveite-med-fl%C3%B8tesaus
Baked Root Vegetables With Avocado And Feta Cheese;Norway;Tine;https://www.tine.no/oppskrifter/middag-og-hovedretter/gronnsaker-og-poteter/bakte-rotgr%C3%B8nnsaker-med-avokado-og-fetaost
Baked SALMA With Chives Butter Sauce;Norway;Tine;https://www.tine.no/oppskrifter/middag-og-hovedretter/fisk-og-skalldyr/bakt-salma-med-gressl%C3%B8ksm%C3%B8rsaus
Baked Salmon With Dill And Lemon Butter And Risotto;Norway;Tine;https://www.tine.no/oppskrifter/middag-og-hovedretter/fisk-og-skalldyr/ovnsbakt-laks-med-dill-og-sitronsm%C3%B8r-og-risotto
Barbecue skewers With Neck Chops;Norway;Tine;https://www.tine.no/oppskrifter/middag-og-hovedretter/kjott/grillspyd-med-nakkekoteletter
Bean And Chorizo Wrap;Norway;Tine;https://www.tine.no/oppskrifter/middag-og-hovedretter/kjott/b%C3%B8nne-og-chorizo-wrap
Beef And Blueberry Sandwich With Pickled Red Onion;Norway;Tine;https://www.tine.no/oppskrifter/lunsj-og-smaretter/smorbrod-og-palegg/biff-og-bl%C3%A5muggsandwich-med-syltet-r%C3%B8dl%C3%B8k
Beef quesadillas;Norway;Tine;https://www.tine.no/oppskrifter/middag-og-hovedretter/kjott/biff-quesadillas
Beef stroganoff;Norway;Tine;https://www.tine.no/oppskrifter/middag-og-hovedretter/kjott/biff-stroganoff
Beef Wellington;Norway;Tine;https://www.tine.no/oppskrifter/middag-og-hovedretter/kjott/beef-wellington
Bidos;Norway;Tine;https://www.tine.no/oppskrifter/middag-og-hovedretter/kjott/bidos
Biff with Bearné saus;Norway;Tine;https://www.tine.no/oppskrifter/middag-og-hovedretter/kjott/biff-med-bearnaisesaus
Bouillabaisse;Norway;Tine;https://www.tine.no/oppskrifter/middag-og-hovedretter/fisk-og-skalldyr/bouillabaisse
Broccoli And Quinoa Carbonate;Norway;Tine;https://www.tine.no/oppskrifter/middag-og-hovedretter/gronnsaker-og-poteter/brokkoli-og-quinoa-karbonade
Bulgur With Chicken And Spinach;Norway;Tine;https://www.tine.no/oppskrifter/middag-og-hovedretter/kylling-og-fjarkre/bulgur-med-kylling-og-spinat
Burning Love;Norway;Tine;https://www.tine.no/oppskrifter/middag-og-hovedretter/kjott/brennende-kj%C3%A6rlighet
Burrito Meatballs With Bean Salad;Norway;Tine;https://www.tine.no/oppskrifter/middag-og-hovedretter/kjott/burritokj%C3%B8ttboller-med-b%C3%B8nnesalat
Butter Chicken;Norway;Tine;https://www.tine.no/oppskrifter/middag-og-hovedretter/kylling-og-fjarkre/butter-chicken
Cannelloni;Norway;Tine;https://www.tine.no/oppskrifter/middag-og-hovedretter/pasta-og-ris/cannelloni
Chicken Fillet With Cottage Cheese;Norway;Tine;https://www.tine.no/oppskrifter/middag-og-hovedretter/kylling-og-fjarkre/kyllingfilet-med-cottage-cheese
Chicken Salad With Quinoa And Avocado;Norway;Tine;https://www.tine.no/oppskrifter/middag-og-hovedretter/kylling-og-fjarkre/kyllingsalat-med-quinoa-og-avokado
Chili and Lime Glazed Salmon With Rice;Norway;Tine;https://www.tine.no/oppskrifter/middag-og-hovedretter/fisk-og-skalldyr/chili-og-limeglasert-laks-med-ris
Chili fish balls with rice and mango;Norway;Tine;https://www.tine.no/oppskrifter/middag-og-hovedretter/fisk-og-skalldyr/chilifiskeboller-med-ris-og-mango
Chili Habanero Dipp With Mango And Cheese;Norway;Tine;https://www.tine.no/oppskrifter/sauser-og-dressinger/kalde-sauser-og-dressinger/kyllingspyd-og-chili-habanero-dipp-med-mango-og-kesam
Chops With Fried Onions;Norway;Tine;https://www.tine.no/oppskrifter/middag-og-hovedretter/kjott/karbonader-med-stekt-l%C3%B8k
Christmas Ribbe;Norway;Tine;https://www.tine.no/oppskrifter/middag-og-hovedretter/kjott/juleribbe
Cod With Bacon, Spinach And Rotmoss;Norway;Tine;https://www.tine.no/oppskrifter/middag-og-hovedretter/fisk-og-skalldyr/skrei-med-bacon-spinat-og-rotmos
Coq Au Vin;Norway;Tine;https://www.tine.no/oppskrifter/middag-og-hovedretter/kylling-og-fjarkre/coq-au-vin
Cottage Cheese-Taco;Norway;Tine;https://www.tine.no/oppskrifter/middag-og-hovedretter/gronnsaker-og-poteter/cottage-cheese-taco
Cowboy Casserole With Beef;Norway;Tine;https://www.tine.no/oppskrifter/middag-og-hovedretter/kjott/cowboygryte-med-oksekj%C3%B8tt
Creamy Cod;Norway;Tine;https://www.tine.no/oppskrifter/middag-og-hovedretter/fisk-og-skalldyr/kremet-torsk
Crispy Chicken American Style;Norway;Tine;https://www.tine.no/oppskrifter/middag-og-hovedretter/kylling-og-fjarkre/crispy-chicken-american-style
Crudo With Salmon And Avocado;Norway;Tine;https://www.tine.no/oppskrifter/middag-og-hovedretter/fisk-og-skalldyr/crudo-med-laks-og-avokado
Dahi Malai Murgh;Norway;Tine;https://www.tine.no/oppskrifter/middag-og-hovedretter/kylling-og-fjarkre/dahi-malai-murgh
Dark venison;Norway;Tine;https://www.tine.no/oppskrifter/middag-og-hovedretter/kjott/m%C3%B8rk-viltgryte
Duck Breast With PasTine Pure;Norway;Tine;https://www.tine.no/oppskrifter/middag-og-hovedretter/kylling-og-fjarkre/andebryst-med-pastinakkpure
Duck confit with mashed potatoes and red cabbage salad;Norway;Tine;https://www.tine.no/oppskrifter/middag-og-hovedretter/kylling-og-fjarkre/andeconfit-med-potetmos-og-r%C3%B8dk%C3%A5lsalat
Easy Halibut sauce;Norway;Tine;https://www.tine.no/oppskrifter/middag-og-hovedretter/fisk-og-skalldyr/lettvint-kveitelapskaus
Eggplant And Squash Bolognese With Pen Pasta;Norway;Tine;https://www.tine.no/oppskrifter/middag-og-hovedretter/kjott/aubergine-og-squash-bolognese-med-pennepasta
Enchiladas With Meat Dough;Norway;Tine;https://www.tine.no/oppskrifter/middag-og-hovedretter/kjott/enchiladas-med-kj%C3%B8ttdeig
Entrecote With Blue Mustard And Oven Baked Potato Boats;Norway;Tine;https://www.tine.no/oppskrifter/middag-og-hovedretter/kjott/entrec%C3%B4te-med-bl%C3%A5muggost-og-ovnsbakte-potetb%C3%A5ter
Exotic Chicken With Mango;Norway;Tine;https://www.tine.no/oppskrifter/middag-og-hovedretter/kylling-og-fjarkre/eksotisk-kylling-med-mange
Fajitas With Shredded Pork;Norway;Tine;https://www.tine.no/oppskrifter/middag-og-hovedretter/kjott/fajitas-med-strimlet-svinekj%C3%B8tt
Fast Chicken Tikka Masala;Norway;Tine;https://www.tine.no/oppskrifter/middag-og-hovedretter/kylling-og-fjarkre/rask-kylling-tikka-masala
Fish & Chips;Norway;Tine;https://www.tine.no/oppskrifter/middag-og-hovedretter/fisk-og-skalldyr/fish-chips
Fish curry;Norway;Tine;https://www.tine.no/oppskrifter/middag-og-hovedretter/fisk-og-skalldyr/fisk-i-karri
Fish Sticks With Potato Mash And Root Vegetables;Norway;Tine;https://www.tine.no/oppskrifter/middag-og-hovedretter/fisk-og-skalldyr/hjemmelagde-fiskepinner-med-potetmos-og-rotgr%C3%B8nnsaker
Fishing Form With Shrimp;Norway;Tine;https://www.tine.no/oppskrifter/middag-og-hovedretter/fisk-og-skalldyr/fiskeform-med-reker
Fishing Wok With Ginger;Norway;Tine;https://www.tine.no/oppskrifter/middag-og-hovedretter/fisk-og-skalldyr/fiskewok-med-ingef%C3%A6r
Frittata - Italian Omelette;Norway;Tine;https://www.tine.no/oppskrifter/middag-og-hovedretter/pizza-og-pai/frittata-med-poteter-bacon-og-tomat
Greek Chicken;Norway;Tine;https://www.tine.no/oppskrifter/middag-og-hovedretter/kylling-og-fjarkre/gresk-kylling
Grilled Entrecote With Vegetables And Spice Butter;Norway;Tine;https://www.tine.no/oppskrifter/middag-og-hovedretter/kjott/grillet-entrec%C3%B4te-med-gr%C3%B8nnsaker-og-grillsm%C3%B8r
Grilled lamb slices with Greek twist;Norway;Tine;https://www.tine.no/oppskrifter/middag-og-hovedretter/kjott/grillede-lammeskiver-med-gresk-vri
Grilled Ratatouille With Pasta;Norway;Tine;https://www.tine.no/oppskrifter/middag-og-hovedretter/gronnsaker-og-poteter/gratinert-ratatouille-med-pasta
Grilled Salmon With Lemon And Spice Butter;Norway;Tine;https://www.tine.no/oppskrifter/middag-og-hovedretter/fisk-og-skalldyr/grillet-laks-med-sitron-og-grillsm%C3%B8r
Grilled Yogurt Marinated Chicken;Norway;Tine;https://www.tine.no/oppskrifter/middag-og-hovedretter/kylling-og-fjarkre/helgrillet-yoghurtmarinert-kylling
Grous With Grandma's Sauce;Norway;Tine;https://www.tine.no/oppskrifter/middag-og-hovedretter/kjott/ryper-med-mormors-saus
Homemade Kashmiri Harissa;Norway;Tine;https://www.tine.no/oppskrifter/middag-og-hovedretter/kjott/hjemmelaget-kashmiri-harissa
Homemade Wolffish With Garlic;Norway;Tine;https://www.tine.no/oppskrifter/middag-og-hovedretter/fisk-og-skalldyr/hjemmelagde-steinbitkaker-med-hvitl%C3%B8k
Hot Chops;Norway;Tine;https://www.tine.no/oppskrifter/middag-og-hovedretter/kjott/hotte-koteletter
Karlas Arrabbiata;Norway;Tine;https://www.tine.no/oppskrifter/middag-og-hovedretter/kjott/karlas-arrabbiata
Kimchi-Burger;Norway;Tine;https://www.tine.no/oppskrifter/middag-og-hovedretter/kjott/kimchi-burger
Lammekarré with Risotto;Norway;Tine;https://www.tine.no/oppskrifter/middag-og-hovedretter/kjott/lammekarr%C3%A8-med-godsaker
Long-roasted moose roast with raspberry sauce;Norway;Tine;https://www.tine.no/oppskrifter/middag-og-hovedretter/kjott/langtidsstekt-elgstek-med-bringeb%C3%A6rsaus
Maki Cottage Sushi;Norway;Tine;https://www.tine.no/oppskrifter/middag-og-hovedretter/fisk-og-skalldyr/maki-cottage-sushi
Meat Cakes With Cabbage stew;Norway;Tine;https://www.tine.no/oppskrifter/middag-og-hovedretter/kjott/kj%C3%B8ttkaker-med-k%C3%A5lstuing
Meat With Cranberry Cream;Norway;Tine;https://www.tine.no/oppskrifter/middag-og-hovedretter/kjott/gravet-kj%C3%B8tt-med-tytteb%C3%A6rr%C3%B8mme
Mixed Fish Pot With Estragon;Norway;Tine;https://www.tine.no/oppskrifter/middag-og-hovedretter/supper/blandet-fiskegryte-med-estragon
Mussels Casserole;Norway;Tine;https://www.tine.no/oppskrifter/middag-og-hovedretter/fisk-og-skalldyr/bl%C3%A5skjellgryte
Orange Glazed Trout With Cauliflower Rice;Norway;Tine;https://www.tine.no/oppskrifter/middag-og-hovedretter/fisk-og-skalldyr/appelsinglasert-%C3%B8rret-med-blomk%C3%A5lris
Pasta Al Forno;Norway;Tine;https://www.tine.no/oppskrifter/middag-og-hovedretter/pasta-og-ris/pasta-al-forno
Pasta With Shrimp And Ruccola;Norway;Tine;https://www.tine.no/oppskrifter/middag-og-hovedretter/pasta-og-ris/pasta-med-reker-og-ruccola
Pasta With Tuna In Tomato Sauce;Norway;Tine;https://www.tine.no/oppskrifter/middag-og-hovedretter/pasta-og-ris/pasta-med-tunfisk-i-tomatsaus
Pepper Beef With Chopped Tomato And Chevre Salad;Norway;Tine;https://www.tine.no/oppskrifter/middag-og-hovedretter/kjott/pepperbiff-med-lun-tomat-og-chevresalat
Peshawari Chicken Karahi;Norway;Tine;https://www.tine.no/oppskrifter/middag-og-hovedretter/kylling-og-fjarkre/peshawari-kylling-karahi
Pineapple And Chicken Kebab;Norway;Tine;https://www.tine.no/oppskrifter/middag-og-hovedretter/kylling-og-fjarkre/ananas-og-kyllingkebab-med-kokostomatsaus-og-r%C3%B8mme
Plukkfisk;Norway;Tine;https://www.tine.no/oppskrifter/middag-og-hovedretter/fisk-og-skalldyr/plukkfisk
Pollo Con Gnocchi;Norway;Tine;https://www.tine.no/oppskrifter/middag-og-hovedretter/kylling-og-fjarkre/pollo-con-gnocchi
Pork fillet with orange sauce and couscous salad;Norway;Tine;https://www.tine.no/oppskrifter/middag-og-hovedretter/kjott/svinefilet-med-appelsinsaus-og-couscous-salat
Prins fish;Norway;Tine;https://www.tine.no/oppskrifter/middag-og-hovedretter/fisk-og-skalldyr/prinsefisk
Quesadillas With Pulled Pork And Guacamole;Norway;Tine;https://www.tine.no/oppskrifter/middag-og-hovedretter/kjott/quesadias-med-pulled-pork-og-guacamole
Ribs With Pineapple, Chili And Sage;Norway;Tine;https://www.tine.no/oppskrifter/middag-og-hovedretter/kjott/ribbe-med-ananas-chili-og-salvie
Risotto With Minced Meat And Tomato;Norway;Tine;https://www.tine.no/oppskrifter/middag-og-hovedretter/pasta-og-ris/risotto-med-kj%C3%B8ttdeig-og-tomat
Salmon Shape With Pepper Root;Norway;Tine;https://www.tine.no/oppskrifter/middag-og-hovedretter/fisk-og-skalldyr/lakseform-med-pepperrot
sautéed reindeer;Norway;Tine;https://www.tine.no/oppskrifter/middag-og-hovedretter/kjott/finnbiff
Seafood risotto;Norway;Tine;https://www.tine.no/oppskrifter/middag-og-hovedretter/fisk-og-skalldyr/skalldyrrisotto
Simple Gazpacho With Fast Garlic Bread;Norway;Tine;https://www.tine.no/oppskrifter/middag-og-hovedretter/supper/enkel-gazpacho-med-raske-hvitl%C3%B8kbr%C3%B8d
Spicy Couscous With Chicken;Norway;Tine;https://www.tine.no/oppskrifter/middag-og-hovedretter/kylling-og-fjarkre/krydret-couscous-med-kylling
Steak Strips On Spaghetti With Parsley Pesto;Norway;Tine;https://www.tine.no/oppskrifter/middag-og-hovedretter/pasta-og-ris/biffstrimer-p%C3%A5-spagetti-med-persillerot
Thai Chicken Casserole - Tom Kah Gai;Norway;Tine;https://www.tine.no/oppskrifter/middag-og-hovedretter/kylling-og-fjarkre/thailands-kyllinggryte-tom-kah-gai
Whole Wheat Pasta With Kale And Cottage Cheese;Norway;Tine;https://www.tine.no/oppskrifter/middag-og-hovedretter/pasta-og-ris/fullkornspasta-med-gr%C3%B8nnk%C3%A5l-og-cottage-cheese
Wok With Seasoned Salmon;Norway;Tine;https://www.tine.no/oppskrifter/middag-og-hovedretter/fisk-og-skalldyr/wok-med-sesampanert-laks
Yogurt Marinated Chicken With Barley;Norway;Tine;https://www.tine.no/oppskrifter/middag-og-hovedretter/kylling-og-fjarkre/yoghurtmarinert-kylling-med-byggris
Broccoli Orecchiette Courgette and Bocconcini Salad Prosciutto and Melon Salad;UK;30m Meals (Jamie);
Cauliflower Macaroni;UK;30m Meals (Jamie);
Cheats Pizza;UK;30m Meals (Jamie);
Duck salad;UK;30m Meals (Jamie);
Fish tray-bake;UK;30m Meals (Jamie);
Grilled sardines, crispy halloumi, watercress salad and figs;UK;30m Meals (Jamie);
kinda sausage cassoulet, warm broccoli salad;UK;30m Meals (Jamie);
Liver and bacon, onion gravy, smashed potato, dressed greens;UK;30m Meals (Jamie);
Meatball sandwich, pickled cabbage, chopped salad;UK;30m Meals (Jamie);
Mustard chicken;UK;30m Meals (Jamie);
Oozy Mushroom Risotto, Spinach Salad;UK;30m Meals (Jamie);
Pork chops and crispy crackling, crushed potatoes, minty cabbage;UK;30m Meals (Jamie);
Pregnant Joolsâ€™s Pasta Crunchy Chicory and Watercress Salad;UK;30m Meals (Jamie);
Sea bass and crispy pancetta, sweet potato mash, Asian greens;UK;30m Meals (Jamie);
Seared pork fillet and catherine wheel sausage, meaty mushroom sauce, celeriac smash, garlicky beans;UK;30m Meals (Jamie);
Smoked salmon;UK;30m Meals (Jamie);
Spinach and feta filo pie, cucumber salad, tomato salad;UK;30m Meals (Jamie);
Steak Indian-style, spinach and paneer salad, naan breads;UK;30m Meals (Jamie);
Steak sarnie, crispy new potatoes, cheesy mushrooms, beetroot salad;UK;30m Meals (Jamie);
Summer veg lasagne;UK;30m Meals (Jamie);
Super-fast beef hash, jacket potatoes, goddess salad, lovely butter beans and bacon;UK;30m Meals (Jamie);
Swedish-style fishcakes, roasted baby new potatoes, sprout salad, fresh zingy salsa;UK;30m Meals (Jamie);
Tomato Soup, chunky crutons, crunch veg and guacamole;UK;30m Meals (Jamie);
Trapani-style rigatoni, friddled chicory salad, rocket and parmesan salad;UK;30m Meals (Jamie);
Wonky Summer Pasta;UK;30m Meals (Jamie);
Butternut Squash with Quinoa, Feta, Basil and Mint;UK;Baking Made Easy (Lorraine);
Fig, Cream Cheese, and Mint Tart;UK;Baking Made Easy (Lorraine);
Incredibly Naughty Mini Toad-in-the-Hole;UK;Baking Made Easy (Lorraine);
Pork with Calvados, Caramelised Apples and Mustard Mash;UK;Baking Made Easy (Lorraine);
Prosciutto, Mozzerella and Fig Pizza;UK;Baking Made Easy (Lorraine);
Steak Pies with Wild Mushrooms and Madeira;UK;Baking Made Easy (Lorraine);
troute en papillote with sauternes and almonds;UK;Baking Made Easy (Lorraine);
Beer braised pork knuckles with caraway, garlic, apples and potatoes;UK;Kitchen (Nigella);
Carbonnade Ã  la flamande;UK;Kitchen (Nigella);
Cheesy chilli;UK;Kitchen (Nigella);
Chorizo and chickpea stew;UK;Kitchen (Nigella);
Crisp chicken cutlets with salad on the side;UK;Kitchen (Nigella);
Crustless Pizza;UK;Kitchen (Nigella);
Curly pasta with feta, spinach and pine nuts;UK;Kitchen (Nigella);
Greek lamb chops with lemon and potatoes;UK;Kitchen (Nigella);
Lemony salmon with cherry tomato couscous;UK;Kitchen (Nigella);
Mexican lasagne with avocado salsa;UK;Kitchen (Nigella);
Pantry Paella;UK;Kitchen (Nigella);
Pappardelle with butternut and blue cheese;UK;Kitchen (Nigella);
Pasta alla genovese with potatoes, green beans and pesto;UK;Kitchen (Nigella);
Pasta with pancetta, parsley and peppers;UK;Kitchen (Nigella);
Quick calamari pasta;UK;Kitchen (Nigella);
Roast duck legs and potatoes;UK;Kitchen (Nigella);
Roast rib of beef with wild mushrooms and Red Leicester mash;UK;Kitchen (Nigella);
Roast seafood;UK;Kitchen (Nigella);
Saffron risotto;UK;Kitchen (Nigella);
Small pasta with salami;UK;Kitchen (Nigella);
Spanish chicken with chorizo and potatoes;UK;Kitchen (Nigella);
Speedy scaloppine with rapid roastini;UK;Kitchen (Nigella);
Sweet and sour chicken;UK;Kitchen (Nigella);
Sweet potato supper;UK;Kitchen (Nigella);
toad in the hole;UK;Kitchen (Nigella);
Baked Camembert Pasta;UK;Ministry of Food (Jamie);
Beef and Ale Stew;UK;Ministry of Food (Jamie);
Broccoli and Pesto Tagliatelle;UK;Ministry of Food (Jamie);
Butterflied Steak Sarnie;UK;Ministry of Food (Jamie);
Chicken and Leek Stroganoff;UK;Ministry of Food (Jamie);
Chicken and White Wine Stew;UK;Ministry of Food (Jamie);
Chicken Chow Mein;UK;Ministry of Food (Jamie);
Chicken fajitas;UK;Ministry of Food (Jamie);
Good Old Chilli Con Carne;UK;Ministry of Food (Jamie);
Griddled Lamb Chops with Chunky Salsa;UK;Ministry of Food (Jamie);
Italian Pan-Seared Tuna;UK;Ministry of Food (Jamie);
Kedgeree;UK;Ministry of Food (Jamie);
Lamb and Red Wine Stew;UK;Ministry of Food (Jamie);
Meatballs and Pasta;UK;Ministry of Food (Jamie);
Mini Shell Pasta with a Creamy Smoked Bacon and Pea Sauce;UK;Ministry of Food (Jamie);
Moroccan Lamb with Couscous;UK;Ministry of Food (Jamie);
My Sweet and Sour Pork;UK;Ministry of Food (Jamie);
Pork and Cider Stew;UK;Ministry of Food (Jamie);
Pork Kebabs;UK;Ministry of Food (Jamie);
Salmon Baked in a Foil Parcel with Green Beans and Pesto;UK;Ministry of Food (Jamie);
spicy moroccan stewed fish with couscous;UK;Ministry of Food (Jamie);
Super-quick Salmon Stir-Fry;UK;Ministry of Food (Jamie);
Breaded fish fillets with tomato salsa;UK;River Cottage Everyday (Hugh);
Cauliflower cheese;UK;River Cottage Everyday (Hugh);
Chicken and mushroom casserole with cider;UK;River Cottage Everyday (Hugh);
Curried fish pie;UK;River Cottage Everyday (Hugh);
Fava beans on toast;UK;River Cottage Everyday (Hugh);
Gill's poached leek and Dorset Blue Vinny tart;UK;River Cottage Everyday (Hugh);
Hot new potato and sorrel salad;UK;River Cottage Everyday (Hugh);
Jerusalem artichoke and nettle gratin;UK;River Cottage Everyday (Hugh);
kippers with crushed new potatoes;UK;River Cottage Everyday (Hugh);
Leftover pork with fennel and new potatoes;UK;River Cottage Everyday (Hugh);
Lemony courgettes on toast;UK;River Cottage Everyday (Hugh);
Mixed mushroom tart;UK;River Cottage Everyday (Hugh);
Mussels with cider, leeks and bacon;UK;River Cottage Everyday (Hugh);
Neck of lamb with lemon and barley;UK;River Cottage Everyday (Hugh);
Pig's liver with sage and onions;UK;River Cottage Everyday (Hugh);
Rabbit stew with tomato;UK;River Cottage Everyday (Hugh);
Sausage and root vegetable stew;UK;River Cottage Everyday (Hugh);
Scotch broth salad;UK;River Cottage Everyday (Hugh);
Slow-roast brisket with potatoes and onions;UK;River Cottage Everyday (Hugh);
Smoked fish and spinach omelette;UK;River Cottage Everyday (Hugh);
Stuffed butternut squash;UK;River Cottage Everyday (Hugh);
african curry;US;allrecipes;
alysias basic meat lasagna;US;allrecipes;
asparagus casserole i;US;allrecipes;
autumn spice ham steak;US;allrecipes;
bacon wrapped chicken stuffed with spinach and ricotta;US;allrecipes;
baked spiced chicken;US;allrecipes;
barbequed citrus burgers;US;allrecipes;
bean and honey burrito casserole;US;allrecipes;
bubble pizza;US;allrecipes;
bunjal chicken;US;allrecipes;
cantonese dinner;US;allrecipes;
chicago style hot dog;US;allrecipes;
chicken and pasta primavera;US;allrecipes;
chicken enchiladas with creamy green chile sauce;US;allrecipes;
chicken paprikash i;US;allrecipes;
chicken parmigiana;US;allrecipes;
chicken spaghetti casserole ii;US;allrecipes;
chili tuna roll ups;US;allrecipes;
chinese barbequed spareribs;US;allrecipes;
chinese pepper steak 2;US;allrecipes;
citrus marinated cuban pork chops;US;allrecipes;
comforting chicken casserole;US;allrecipes;
creamy macaroni with asparagus without the cream;US;allrecipes;
delicious stroganoff;US;allrecipes;
easy and simple korean bbq ribs;US;allrecipes;
easy pasta fagioli;US;allrecipes;
easy spinach lasagna with white sauce;US;allrecipes;
fragrant chicken curry;US;allrecipes;
fried butterflied shrimp;US;allrecipes;
grandmas ham casserole;US;allrecipes;
green bean okazu;US;allrecipes;
green olive chicken i;US;allrecipes;
grilled bbq meatloaf;US;allrecipes;
grilled grouper with mango butter;US;allrecipes;
grilled salmon with curried peach sauce;US;allrecipes;
haddock bubbly bake;US;allrecipes;
hamburger potato casserole;US;allrecipes;
indian style vegetable rice;US;allrecipes;
kielbasa with brussels sprouts in mustard cream sauce;US;allrecipes;
lamb chops in duck sauce;US;allrecipes;
lemon chicken piccata;US;allrecipes;
love mussels;US;allrecipes;
marinated chicken pita sandwich;US;allrecipes;
melt in your mouth chicken pie;US;allrecipes;
minted salmon;US;allrecipes;
miso salmon sake misozuke with spinach sauce;US;allrecipes;
moms easy roast;US;allrecipes;
moms macaroni and cheese;US;allrecipes;
moms sweet n sours pork ribs;US;allrecipes;
mushroom tuna noodle casserole;US;allrecipes;
new brunswick lobster casserole;US;allrecipes;
old time chicken divan;US;allrecipes;
onion and cheddar burgers;US;allrecipes;
panko breaded fried razor clams;US;allrecipes;
pasta and white beans gratin;US;allrecipes;
pasta carbonara ii;US;allrecipes;
pasta lasagna;US;allrecipes;
pav bhaji;US;allrecipes;
pesto cream sauce;US;allrecipes;
pierogi casserole;US;allrecipes;
pineapple bacon burgers;US;allrecipes;
poached salmon with hollandaise sauce;US;allrecipes;
pork balls and sauerkraut;US;allrecipes;
pork barbeque;US;allrecipes;
pork chop packs;US;allrecipes;
pork chops to live for;US;allrecipes;
pork delight;US;allrecipes;
pork tenderloin with pineapple salsa;US;allrecipes;
portofino lamb and artichoke risotto;US;allrecipes;
pressure cooker barbeque pork;US;allrecipes;
prune and olive chicken;US;allrecipes;
roast beef burritos;US;allrecipes;
roasted easter ham;US;allrecipes;
sauerbraten iii;US;allrecipes;
sausage casserole ii;US;allrecipes;
shrimp and andouille sausage with mustard sauce;US;allrecipes;
shrimp versailles;US;allrecipes;
slow cooked pork barbeque;US;allrecipes;
slow cooker beef roast;US;allrecipes;
slow cooker sauerkraut and sausage;US;allrecipes;
slow cooker texas pulled pork;US;allrecipes;
smoked standing rib roast;US;allrecipes;
smoked turkey;US;allrecipes;
sour cream turkey enchiladas;US;allrecipes;
spicy pork chops;US;allrecipes;
squash and coconut milk stew;US;allrecipes;
steak n ale pie;US;allrecipes;
summer special shrimp and fruit fried rice;US;allrecipes;
sweet and sour drumettes;US;allrecipes;
sweet sausage marsala;US;allrecipes;
szechuan spicy eggplant;US;allrecipes;
taco bake ii;US;allrecipes;
taco beef and pasta;US;allrecipes;
taqueria style tacos   carne asada;US;allrecipes;
the supreme shepherds pie;US;allrecipes;
tomato chops i;US;allrecipes;
tsao mi fun taiwanese fried rice noodles;US;allrecipes;
vegetable biryani;US;allrecipes;
